set_voltage,set_current_min,set_current_max,adc_voltage,adc_current,meas_voltage,meas_current,ref_voltage,ref_current
1.0,-0.1,0.1,84650,17924,0.8051,0.01602,.885,
2.0,-0.1,0.1,194097,18501,1.8460,0.01654,1.925,
4.0,-0.1,0.1,409252,38470,3.8922,0.03439,3.965,
8.0,-0.1,0.3,838376,137172,7.9732,0.12264,8.05,
12.0,-0.1,0.5,1271191,229791,12.0898,0.20376,12.15,
1.0,-0.1,0.1,84629,18353,0.8043,0.01641,0.885,
