set_voltage,set_current_min,set_current_max,adc_voltage,adc_current,meas_voltage,meas_current,ref_voltage,ref_current
1.0,-0.1,0.1,85260,17890,0.8109,0.01599,.883,
2.0,-0.1,0.1,196071,18994,1.8654,0.01698,1.924,
4.0,-0.1,0.1,413843,40607,3.9359,0.03631,3.965,
8.0,-0.1,0.3,848076,139002,8.0657,0.12428,8.04,
12.0,-0.1,0.5,1285994,232359,12.2307,0.20774,12.15,
1.0,-0.1,0.1,85409,17892,0.8124,0.01601,.883,
