set_voltage,set_current_min,set_current_max,adc_voltage,adc_current,meas_voltage,meas_current,ref_voltage,ref_current
3,-0.1,0.5,305018,571365,2.6074,0.51083,.053,
6,-0.1,1.0,599026,1142690,5.0999,1.02163,.103,
8.5,-0.1,1.5,885511,1710816,7.5289,1.52957,.151,
11,-0.1,2.0,1174680,2282458,9.9808,2.04065,.200,
13.5,-0.1,2.5,1463618,2852937,12.4306,2.55069,.250,
16,-0.1,3.0,1753564,3425394,14.8890,3.06250,.299,
