set_voltage,set_current_min,set_current_max,adc_voltage,adc_current,meas_voltage,meas_current,ref_voltage,ref_current
1.0,-0.1,0.1,85395,-106,0.8126,-0.00014,.883,
2.0,-0.1,0.1,196112,-21763,1.8651,-0.01967,1.923,
4.0,-0.1,0.1,413736,-47532,3.9349,-0.04250,3.965,
6.0,-0.1,0.1,630783,-41730,5.9991,-0.03731,6.00,
8.0,-0.1,0.1,848033,-39523,8.0653,-0.03534,8.04,
10.0,-0.1,0.1,1065592,-38619,10.1344,-0.03453,10.08,
14.0,-0.1,0.1,1504571,-38537,14.3094,-0.03445,14.20,
1.0,-0.1,0.1,85407,-137,0.8123,-0.00014,.883,
