set_voltage,set_current_min,set_current_max,adc_voltage,adc_current,meas_voltage,meas_current,ref_voltage,ref_current
3,-0.1,0.5,305717,571208,2.6129,0.51072,.053,
6,-0.1,1.0,599418,1142706,5.1031,1.02165,.103,
8.5,-0.1,1.5,885937,1710828,7.5325,1.52957,.151,
11,-0.1,2.0,1175251,2282490,9.9856,2.04068,.200,
13.5,-0.1,2.5,1464149,2853071,12.4351,2.55081,.250,
16,-0.1,3.0,1754077,3425343,14.8934,3.06249,.299,
